{
  "version": 1,
  "author": "Anonymous maker",
  "editor": "wokwi",
  "parts": [
    { "type": "wokwi-breadboard-half", "id": "bb3", "top": -12.6, "left": 281.2, "attrs": {} },
    { "type": "wokwi-arduino-uno", "id": "uno", "top": 0, "left": 0, "attrs": {} },
    {
      "type": "wokwi-analog-joystick",
      "id": "joystick1",
      "top": 210.72,
      "left": 363.42,
      "rotate": 180,
      "attrs": {}
    },
    { "type": "wokwi-servo", "id": "servo1", "top": -164.89, "left": 266.66, "attrs": {} },
    { "type": "wokwi-servo", "id": "servo2", "top": -164.35, "left": 469, "attrs": {} }
  ],
  "connections": [
    [ "uno:GND.2", "bb3:bn.1", "black", [ "v20.93", "h134.52" ] ],
    [ "uno:5V", "bb3:bn.3", "red", [ "v28.85", "h187.15" ] ],
    [ "bb3:bn.25", "bb3:tn.25", "black", [ "v0.57", "h41.29", "v-166.35" ] ],
    [ "bb3:tp.25", "bb3:bp.25", "red", [ "v-1.15", "h32.49", "v176.04" ] ],
    [ "joystick1:GND", "bb3:bn.8", "black", [ "v0" ] ],
    [ "joystick1:VCC", "bb3:bp.11", "red", [ "v0" ] ],
    [ "servo1:GND", "bb3:tn.1", "black", [ "h-38.9", "v87.2", "h88.48" ] ],
    [ "servo1:V+", "bb3:tp.1", "green", [ "h-31.18", "v61.76", "h79.22" ] ],
    [ "servo2:GND", "bb3:tn.12", "black", [ "h0" ] ],
    [ "servo2:V+", "bb3:tn.13", "green", [ "h0" ] ],
    [ "joystick1:HORZ", "uno:A0", "green", [ "v-10.16", "h-49.84" ] ],
    [ "joystick1:VERT", "uno:A1", "green", [ "v-19.21", "h-202.97", "v-1.29" ] ],
    [ "uno:6", "servo1:PWM", "green", [ "v0" ] ],
    [ "uno:5", "servo2:PWM", "green", [ "v-64.61", "h252.07" ] ]
  ],
  "dependencies": {}
}